manufacturer,part_number,description,related_manufacturer,related_part_number,relationship_type,source_name,source_url,source_confidence
Chelsea,221XEDDPS5AK,available with 2/4 Bolt B only the competitors is a 2 Bolt B,Bezares,1000PBN433RA,cross,bezares-official,https://bezares.com/en-us/bezares-chelsea-muncie-pto-correspondence-codes-cross-reference/,0.99
Chelsea,221XEDDPS5RA,,Bezares,1000PBN433RA,cross,bezares-official,https://bezares.com/en-us/bezares-chelsea-muncie-pto-correspondence-codes-cross-reference/,0.99
Chelsea,221XEDDPS5RB,,Bezares,1000PBN433RA,cross,bezares-official,https://bezares.com/en-us/bezares-chelsea-muncie-pto-correspondence-codes-cross-reference/,0.99
Chelsea,221XEDDPS5XD,,Bezares,1000PBN433SE,cross,bezares-official,https://bezares.com/en-us/bezares-chelsea-muncie-pto-correspondence-codes-cross-reference/,0.99
Chelsea,221XEDDPS5XE,,Bezares,1000PBN433SF,cross,bezares-official,https://bezares.com/en-us/bezares-chelsea-muncie-pto-correspondence-codes-cross-reference/,0.99
Chelsea,221XEDDPS5XK,,Bezares,1000PBN433RA,cross,bezares-official,https://bezares.com/en-us/bezares-chelsea-muncie-pto-correspondence-codes-cross-reference/,0.99
Chelsea,221XEDDPS5XR,,Bezares,1000PBN433TP,cross,bezares-official,https://bezares.com/en-us/bezares-chelsea-muncie-pto-correspondence-codes-cross-reference/,0.99
Chelsea,221XEDDPS5XY,,Bezares,1000PBN433DA,cross,bezares-official,https://bezares.com/en-us/bezares-chelsea-muncie-pto-correspondence-codes-cross-reference/,0.99
Chelsea,221XEDDPS6AF,,Bezares,1000PBN434RB,cross,bezares-official,https://bezares.com/en-us/bezares-chelsea-muncie-pto-correspondence-codes-cross-reference/,0.99
Chelsea,221XEDDPS6AK,available with 2/4 Bolt B only the competitors is a 2 Bolt B,Bezares,1000PBN434RA,cross,bezares-official,https://bezares.com/en-us/bezares-chelsea-muncie-pto-correspondence-codes-cross-reference/,0.99
Chelsea,221XEDDPS6RA,,Bezares,1000PBN434RA,cross,bezares-official,https://bezares.com/en-us/bezares-chelsea-muncie-pto-correspondence-codes-cross-reference/,0.99
Chelsea,221XEDDPS6RB,,Bezares,1000PBN434RA,cross,bezares-official,https://bezares.com/en-us/bezares-chelsea-muncie-pto-correspondence-codes-cross-reference/,0.99
Chelsea,221XEDDPS6XD,,Bezares,1000PBN434SE,cross,bezares-official,https://bezares.com/en-us/bezares-chelsea-muncie-pto-correspondence-codes-cross-reference/,0.99
Chelsea,221XEDDPS6XE,,Bezares,1000PBN434SF,cross,bezares-official,https://bezares.com/en-us/bezares-chelsea-muncie-pto-correspondence-codes-cross-reference/,0.99
Chelsea,221XEDDPS6XK,,Bezares,1000PBN434RA,cross,bezares-official,https://bezares.com/en-us/bezares-chelsea-muncie-pto-correspondence-codes-cross-reference/,0.99
Chelsea,221XEDDPS6XR,,Bezares,1000PBN434TP,cross,bezares-official,https://bezares.com/en-us/bezares-chelsea-muncie-pto-correspondence-codes-cross-reference/,0.99
Chelsea,221XEDDPS6XY,,Bezares,1000PBN434DA,cross,bezares-official,https://bezares.com/en-us/bezares-chelsea-muncie-pto-correspondence-codes-cross-reference/,0.99
Chelsea,221XEDDPT3AF,,Bezares,1000PBN431RB,cross,bezares-official,https://bezares.com/en-us/bezares-chelsea-muncie-pto-correspondence-codes-cross-reference/,0.99
Chelsea,221XEDDPT3AK,available with 2/4 Bolt B only the competitors is a 2 Bolt B,Bezares,1000PBN431RA,cross,bezares-official,https://bezares.com/en-us/bezares-chelsea-muncie-pto-correspondence-codes-cross-reference/,0.99
Chelsea,221XEDDPT3RA,,Bezares,1000PBN431RA,cross,bezares-official,https://bezares.com/en-us/bezares-chelsea-muncie-pto-correspondence-codes-cross-reference/,0.99
Chelsea,221XEDDPT3RB,,Bezares,1000PBN431RA,cross,bezares-official,https://bezares.com/en-us/bezares-chelsea-muncie-pto-correspondence-codes-cross-reference/,0.99
Chelsea,221XEDDPT3XD,,Bezares,1000PBN431SE,cross,bezares-official,https://bezares.com/en-us/bezares-chelsea-muncie-pto-correspondence-codes-cross-reference/,0.99
Chelsea,221XEDDPT3XE,,Bezares,1000PBN431SF,cross,bezares-official,https://bezares.com/en-us/bezares-chelsea-muncie-pto-correspondence-codes-cross-reference/,0.99
Chelsea,221XEDDPT3XK,,Bezares,1000PBN431RA,cross,bezares-official,https://bezares.com/en-us/bezares-chelsea-muncie-pto-correspondence-codes-cross-reference/,0.99
Chelsea,221XEDDPT3XR,,Bezares,1000PBN431TP,cross,bezares-official,https://bezares.com/en-us/bezares-chelsea-muncie-pto-correspondence-codes-cross-reference/,0.99
Chelsea,221XEDDPT3XY,,Bezares,1000PBN431DA,cross,bezares-official,https://bezares.com/en-us/bezares-chelsea-muncie-pto-correspondence-codes-cross-reference/,0.99
Chelsea,221XEDDPT4AF,,Bezares,1000PBN432RB,cross,bezares-official,https://bezares.com/en-us/bezares-chelsea-muncie-pto-correspondence-codes-cross-reference/,0.99
Chelsea,221XEDDPT4AK,available with 2/4 Bolt B only the competitors is a 2 Bolt B,Bezares,1000PBN432RA,cross,bezares-official,https://bezares.com/en-us/bezares-chelsea-muncie-pto-correspondence-codes-cross-reference/,0.99
Chelsea,221XEDDPT4RA,,Bezares,1000PBN432RA,cross,bezares-official,https://bezares.com/en-us/bezares-chelsea-muncie-pto-correspondence-codes-cross-reference/,0.99
Chelsea,221XEDDPT4RB,,Bezares,1000PBN432RA,cross,bezares-official,https://bezares.com/en-us/bezares-chelsea-muncie-pto-correspondence-codes-cross-reference/,0.99
Chelsea,221XEDDPT4XD,,Bezares,1000PBN432SE,cross,bezares-official,https://bezares.com/en-us/bezares-chelsea-muncie-pto-correspondence-codes-cross-reference/,0.99
Chelsea,221XEDDPT4XE,,Bezares,1000PBN432SF,cross,bezares-official,https://bezares.com/en-us/bezares-chelsea-muncie-pto-correspondence-codes-cross-reference/,0.99
Chelsea,221XEDDPT4XK,,Bezares,1000PBN432RA,cross,bezares-official,https://bezares.com/en-us/bezares-chelsea-muncie-pto-correspondence-codes-cross-reference/,0.99
Chelsea,221XEDDPT4XR,,Bezares,1000PBN432TP,cross,bezares-official,https://bezares.com/en-us/bezares-chelsea-muncie-pto-correspondence-codes-cross-reference/,0.99
Chelsea,221XEDDPT4XY,,Bezares,1000PBN432DA,cross,bezares-official,https://bezares.com/en-us/bezares-chelsea-muncie-pto-correspondence-codes-cross-reference/,0.99
Chelsea,221XEDDPT5AF,,Bezares,1000PBN433RB,cross,bezares-official,https://bezares.com/en-us/bezares-chelsea-muncie-pto-correspondence-codes-cross-reference/,0.99
Chelsea,221XEDDPT5AK,available with 2/4 Bolt B only the competitors is a 2 Bolt B,Bezares,1000PBN433RA,cross,bezares-official,https://bezares.com/en-us/bezares-chelsea-muncie-pto-correspondence-codes-cross-reference/,0.99
Chelsea,221XEDDPT5RA,,Bezares,1000PBN433RA,cross,bezares-official,https://bezares.com/en-us/bezares-chelsea-muncie-pto-correspondence-codes-cross-reference/,0.99
Chelsea,221XEDDPT5RB,,Bezares,1000PBN433RA,cross,bezares-official,https://bezares.com/en-us/bezares-chelsea-muncie-pto-correspondence-codes-cross-reference/,0.99
Chelsea,221XEDDPT5XD,,Bezares,1000PBN433SE,cross,bezares-official,https://bezares.com/en-us/bezares-chelsea-muncie-pto-correspondence-codes-cross-reference/,0.99
Chelsea,221XEDDPT5XE,,Bezares,1000PBN433SF,cross,bezares-official,https://bezares.com/en-us/bezares-chelsea-muncie-pto-correspondence-codes-cross-reference/,0.99
Chelsea,221XEDDPT5XK,,Bezares,1000PBN433RA,cross,bezares-official,https://bezares.com/en-us/bezares-chelsea-muncie-pto-correspondence-codes-cross-reference/,0.99
Chelsea,221XEDDPT5XR,,Bezares,1000PBN433TP,cross,bezares-official,https://bezares.com/en-us/bezares-chelsea-muncie-pto-correspondence-codes-cross-reference/,0.99
Chelsea,221XEDDPT5XY,,Bezares,1000PBN433DA,cross,bezares-official,https://bezares.com/en-us/bezares-chelsea-muncie-pto-correspondence-codes-cross-reference/,0.99
Chelsea,221XEDDPT6AF,,Bezares,1000PBN434RB,cross,bezares-official,https://bezares.com/en-us/bezares-chelsea-muncie-pto-correspondence-codes-cross-reference/,0.99
Chelsea,221XEDDPT6AK,available with 2/4 Bolt B only the competitors is a 2 Bolt B,Bezares,1000PBN434RA,cross,bezares-official,https://bezares.com/en-us/bezares-chelsea-muncie-pto-correspondence-codes-cross-reference/,0.99
Chelsea,221XEDDPT6RA,,Bezares,1000PBN434RA,cross,bezares-official,https://bezares.com/en-us/bezares-chelsea-muncie-pto-correspondence-codes-cross-reference/,0.99
Chelsea,221XEDDPT6RB,,Bezares,1000PBN434RA,cross,bezares-official,https://bezares.com/en-us/bezares-chelsea-muncie-pto-correspondence-codes-cross-reference/,0.99
Chelsea,221XEDDPT6XD,,Bezares,1000PBN434SE,cross,bezares-official,https://bezares.com/en-us/bezares-chelsea-muncie-pto-correspondence-codes-cross-reference/,0.99
Chelsea,221XEDDPT6XE,,Bezares,1000PBN434SF,cross,bezares-official,https://bezares.com/en-us/bezares-chelsea-muncie-pto-correspondence-codes-cross-reference/,0.99
Chelsea,221XEDDPT6XK,,Bezares,1000PBN434RA,cross,bezares-official,https://bezares.com/en-us/bezares-chelsea-muncie-pto-correspondence-codes-cross-reference/,0.99
Chelsea,221XEDDPT6XR,,Bezares,1000PBN434TP,cross,bezares-official,https://bezares.com/en-us/bezares-chelsea-muncie-pto-correspondence-codes-cross-reference/,0.99
Chelsea,221XEDDPT6XY,,Bezares,1000PBN434DA,cross,bezares-official,https://bezares.com/en-us/bezares-chelsea-muncie-pto-correspondence-codes-cross-reference/,0.99
Chelsea,221XEDDPV3AF,,Bezares,1000PBN431RB,cross,bezares-official,https://bezares.com/en-us/bezares-chelsea-muncie-pto-correspondence-codes-cross-reference/,0.99
Chelsea,221XEDDPV3AK,available with 2/4 Bolt B only the competitors is a 2 Bolt B,Bezares,1000PBN431RA,cross,bezares-official,https://bezares.com/en-us/bezares-chelsea-muncie-pto-correspondence-codes-cross-reference/,0.99
Chelsea,221XEDDPV3RA,,Bezares,1000PBN431RA,cross,bezares-official,https://bezares.com/en-us/bezares-chelsea-muncie-pto-correspondence-codes-cross-reference/,0.99
Chelsea,221XEDDPV3RB,,Bezares,1000PBN431RA,cross,bezares-official,https://bezares.com/en-us/bezares-chelsea-muncie-pto-correspondence-codes-cross-reference/,0.99
Chelsea,221XEDDPV3XD,,Bezares,1000PBN431SE,cross,bezares-official,https://bezares.com/en-us/bezares-chelsea-muncie-pto-correspondence-codes-cross-reference/,0.99
Chelsea,221XEDDPV3XE,,Bezares,1000PBN431SF,cross,bezares-official,https://bezares.com/en-us/bezares-chelsea-muncie-pto-correspondence-codes-cross-reference/,0.99
Chelsea,221XEDDPV3XK,,Bezares,1000PBN431RA,cross,bezares-official,https://bezares.com/en-us/bezares-chelsea-muncie-pto-correspondence-codes-cross-reference/,0.99
Chelsea,221XEDDPV3XR,,Bezares,1000PBN431TP,cross,bezares-official,https://bezares.com/en-us/bezares-chelsea-muncie-pto-correspondence-codes-cross-reference/,0.99
Chelsea,221XEDDPV3XY,,Bezares,1000PBN431DA,cross,bezares-official,https://bezares.com/en-us/bezares-chelsea-muncie-pto-correspondence-codes-cross-reference/,0.99
Chelsea,221XEDDPV4AF,,Bezares,1000PBN432RB,cross,bezares-official,https://bezares.com/en-us/bezares-chelsea-muncie-pto-correspondence-codes-cross-reference/,0.99
Chelsea,221XEDDPV4AK,available with 2/4 Bolt B only the competitors is a 2 Bolt B,Bezares,1000PBN432RA,cross,bezares-official,https://bezares.com/en-us/bezares-chelsea-muncie-pto-correspondence-codes-cross-reference/,0.99
Chelsea,221XEDDPV4RA,,Bezares,1000PBN432RA,cross,bezares-official,https://bezares.com/en-us/bezares-chelsea-muncie-pto-correspondence-codes-cross-reference/,0.99
Chelsea,221XEDDPV4RB,,Bezares,1000PBN432RA,cross,bezares-official,https://bezares.com/en-us/bezares-chelsea-muncie-pto-correspondence-codes-cross-reference/,0.99
Chelsea,221XEDDPV4XD,,Bezares,1000PBN432SE,cross,bezares-official,https://bezares.com/en-us/bezares-chelsea-muncie-pto-correspondence-codes-cross-reference/,0.99
Chelsea,221XEDDPV4XE,,Bezares,1000PBN432SF,cross,bezares-official,https://bezares.com/en-us/bezares-chelsea-muncie-pto-correspondence-codes-cross-reference/,0.99
Chelsea,221XEDDPV4XK,,Bezares,1000PBN432RA,cross,bezares-official,https://bezares.com/en-us/bezares-chelsea-muncie-pto-correspondence-codes-cross-reference/,0.99
Chelsea,221XEDDPV4XR,,Bezares,1000PBN432TP,cross,bezares-official,https://bezares.com/en-us/bezares-chelsea-muncie-pto-correspondence-codes-cross-reference/,0.99
Chelsea,221XEDDPV4XY,,Bezares,1000PBN432DA,cross,bezares-official,https://bezares.com/en-us/bezares-chelsea-muncie-pto-correspondence-codes-cross-reference/,0.99
Chelsea,221XEDDPV5AF,,Bezares,1000PBN433RB,cross,bezares-official,https://bezares.com/en-us/bezares-chelsea-muncie-pto-correspondence-codes-cross-reference/,0.99
Chelsea,221XEDDPV5AK,available with 2/4 Bolt B only the competitors is a 2 Bolt B,Bezares,1000PBN433RA,cross,bezares-official,https://bezares.com/en-us/bezares-chelsea-muncie-pto-correspondence-codes-cross-reference/,0.99
Chelsea,221XEDDPV5RA,,Bezares,1000PBN433RA,cross,bezares-official,https://bezares.com/en-us/bezares-chelsea-muncie-pto-correspondence-codes-cross-reference/,0.99
Chelsea,221XEDDPV5RB,,Bezares,1000PBN433RA,cross,bezares-official,https://bezares.com/en-us/bezares-chelsea-muncie-pto-correspondence-codes-cross-reference/,0.99
Chelsea,221XEDDPV5XD,,Bezares,1000PBN433SE,cross,bezares-official,https://bezares.com/en-us/bezares-chelsea-muncie-pto-correspondence-codes-cross-reference/,0.99
Chelsea,221XEDDPV5XE,,Bezares,1000PBN433SF,cross,bezares-official,https://bezares.com/en-us/bezares-chelsea-muncie-pto-correspondence-codes-cross-reference/,0.99
Chelsea,221XEDDPV5XK,,Bezares,1000PBN433RA,cross,bezares-official,https://bezares.com/en-us/bezares-chelsea-muncie-pto-correspondence-codes-cross-reference/,0.99
Chelsea,221XEDDPV5XR,,Bezares,1000PBN433TP,cross,bezares-official,https://bezares.com/en-us/bezares-chelsea-muncie-pto-correspondence-codes-cross-reference/,0.99
Chelsea,221XEDDPV5XY,,Bezares,1000PBN433DA,cross,bezares-official,https://bezares.com/en-us/bezares-chelsea-muncie-pto-correspondence-codes-cross-reference/,0.99
Chelsea,221XEDDPV6AF,,Bezares,1000PBN434RB,cross,bezares-official,https://bezares.com/en-us/bezares-chelsea-muncie-pto-correspondence-codes-cross-reference/,0.99
Chelsea,221XEDDPV6AK,available with 2/4 Bolt B only the competitors is a 2 Bolt B,Bezares,1000PBN434RA,cross,bezares-official,https://bezares.com/en-us/bezares-chelsea-muncie-pto-correspondence-codes-cross-reference/,0.99
Chelsea,221XEDDPV6RA,,Bezares,1000PBN434RA,cross,bezares-official,https://bezares.com/en-us/bezares-chelsea-muncie-pto-correspondence-codes-cross-reference/,0.99
Chelsea,221XEDDPV6RB,,Bezares,1000PBN434RA,cross,bezares-official,https://bezares.com/en-us/bezares-chelsea-muncie-pto-correspondence-codes-cross-reference/,0.99
Chelsea,221XEDDPV6XD,,Bezares,1000PBN434SE,cross,bezares-official,https://bezares.com/en-us/bezares-chelsea-muncie-pto-correspondence-codes-cross-reference/,0.99
Chelsea,221XEDDPV6XE,,Bezares,1000PBN434SF,cross,bezares-official,https://bezares.com/en-us/bezares-chelsea-muncie-pto-correspondence-codes-cross-reference/,0.99
Chelsea,221XEDDPV6XK,,Bezares,1000PBN434RA,cross,bezares-official,https://bezares.com/en-us/bezares-chelsea-muncie-pto-correspondence-codes-cross-reference/,0.99
Chelsea,221XEDDPV6XR,,Bezares,1000PBN434TP,cross,bezares-official,https://bezares.com/en-us/bezares-chelsea-muncie-pto-correspondence-codes-cross-reference/,0.99
Chelsea,221XEDDPV6XY,,Bezares,1000PBN434DA,cross,bezares-official,https://bezares.com/en-us/bezares-chelsea-muncie-pto-correspondence-codes-cross-reference/,0.99
Chelsea,221XEDDPW3AF,,Bezares,1000PBW431RB,cross,bezares-official,https://bezares.com/en-us/bezares-chelsea-muncie-pto-correspondence-codes-cross-reference/,0.99
Chelsea,221XEDDPW3AK,available with 2/4 Bolt B only the competitors is a 2 Bolt B,Bezares,1000PBW431RA,cross,bezares-official,https://bezares.com/en-us/bezares-chelsea-muncie-pto-correspondence-codes-cross-reference/,0.99
Chelsea,221XEDDPW3RA,,Bezares,1000PBW431RA,cross,bezares-official,https://bezares.com/en-us/bezares-chelsea-muncie-pto-correspondence-codes-cross-reference/,0.99
Chelsea,221XEDDPW3RB,,Bezares,1000PBW431RA,cross,bezares-official,https://bezares.com/en-us/bezares-chelsea-muncie-pto-correspondence-codes-cross-reference/,0.99
Chelsea,221XEDDPW3XD,,Bezares,1000PBW431SE,cross,bezares-official,https://bezares.com/en-us/bezares-chelsea-muncie-pto-correspondence-codes-cross-reference/,0.99
Chelsea,221XEDDPW3XE,,Bezares,1000PBW431SF,cross,bezares-official,https://bezares.com/en-us/bezares-chelsea-muncie-pto-correspondence-codes-cross-reference/,0.99
Chelsea,221XEDDPW3XK,,Bezares,1000PBW431RA,cross,bezares-official,https://bezares.com/en-us/bezares-chelsea-muncie-pto-correspondence-codes-cross-reference/,0.99
Chelsea,221XEDDPW3XR,,Bezares,1000PBW431TP,cross,bezares-official,https://bezares.com/en-us/bezares-chelsea-muncie-pto-correspondence-codes-cross-reference/,0.99
Chelsea,221XEDDPW3XY,,Bezares,1000PBW431DA,cross,bezares-official,https://bezares.com/en-us/bezares-chelsea-muncie-pto-correspondence-codes-cross-reference/,0.99
Chelsea,221XEDDPW4AF,,Bezares,1000PBW432RB,cross,bezares-official,https://bezares.com/en-us/bezares-chelsea-muncie-pto-correspondence-codes-cross-reference/,0.99
Chelsea,221XEDDPW4AK,available with 2/4 Bolt B only the competitors is a 2 Bolt B,Bezares,1000PBW432RA,cross,bezares-official,https://bezares.com/en-us/bezares-chelsea-muncie-pto-correspondence-codes-cross-reference/,0.99
Chelsea,221XEDDPW4RA,,Bezares,1000PBW432RA,cross,bezares-official,https://bezares.com/en-us/bezares-chelsea-muncie-pto-correspondence-codes-cross-reference/,0.99
Chelsea,221XEDDPW4RB,,Bezares,1000PBW432RA,cross,bezares-official,https://bezares.com/en-us/bezares-chelsea-muncie-pto-correspondence-codes-cross-reference/,0.99
Chelsea,221XEDDPW4XD,,Bezares,1000PBW432SE,cross,bezares-official,https://bezares.com/en-us/bezares-chelsea-muncie-pto-correspondence-codes-cross-reference/,0.99
Chelsea,221XEDDPW4XE,,Bezares,1000PBW432SF,cross,bezares-official,https://bezares.com/en-us/bezares-chelsea-muncie-pto-correspondence-codes-cross-reference/,0.99
Chelsea,221XEDDPW4XK,,Bezares,1000PBW432RA,cross,bezares-official,https://bezares.com/en-us/bezares-chelsea-muncie-pto-correspondence-codes-cross-reference/,0.99
Chelsea,221XEDDPW4XR,,Bezares,1000PBW432TP,cross,bezares-official,https://bezares.com/en-us/bezares-chelsea-muncie-pto-correspondence-codes-cross-reference/,0.99
Chelsea,221XEDDPW4XY,,Bezares,1000PBW432DA,cross,bezares-official,https://bezares.com/en-us/bezares-chelsea-muncie-pto-correspondence-codes-cross-reference/,0.99
Chelsea,221XEDDPW5AF,,Bezares,1000PBW433RB,cross,bezares-official,https://bezares.com/en-us/bezares-chelsea-muncie-pto-correspondence-codes-cross-reference/,0.99
Chelsea,221XEDDPW5AK,available with 2/4 Bolt B only the competitors is a 2 Bolt B,Bezares,1000PBW433RA,cross,bezares-official,https://bezares.com/en-us/bezares-chelsea-muncie-pto-correspondence-codes-cross-reference/,0.99
Chelsea,221XEDDPW5RA,,Bezares,1000PBW433RA,cross,bezares-official,https://bezares.com/en-us/bezares-chelsea-muncie-pto-correspondence-codes-cross-reference/,0.99
Chelsea,221XEDDPW5RB,,Bezares,1000PBW433RA,cross,bezares-official,https://bezares.com/en-us/bezares-chelsea-muncie-pto-correspondence-codes-cross-reference/,0.99
Chelsea,221XEDDPW5XD,,Bezares,1000PBW433SE,cross,bezares-official,https://bezares.com/en-us/bezares-chelsea-muncie-pto-correspondence-codes-cross-reference/,0.99
Chelsea,221XEDDPW5XE,,Bezares,1000PBW433SF,cross,bezares-official,https://bezares.com/en-us/bezares-chelsea-muncie-pto-correspondence-codes-cross-reference/,0.99
Chelsea,221XEDDPW5XK,,Bezares,1000PBW433RA,cross,bezares-official,https://bezares.com/en-us/bezares-chelsea-muncie-pto-correspondence-codes-cross-reference/,0.99
Chelsea,221XEDDPW5XR,,Bezares,1000PBW433TP,cross,bezares-official,https://bezares.com/en-us/bezares-chelsea-muncie-pto-correspondence-codes-cross-reference/,0.99
Chelsea,221XEDDPW5XY,,Bezares,1000PBW433DA,cross,bezares-official,https://bezares.com/en-us/bezares-chelsea-muncie-pto-correspondence-codes-cross-reference/,0.99
Chelsea,221XEDDPW6AF,,Bezares,1000PBW434RB,cross,bezares-official,https://bezares.com/en-us/bezares-chelsea-muncie-pto-correspondence-codes-cross-reference/,0.99
Chelsea,221XEDDPW6AK,available with 2/4 Bolt B only the competitors is a 2 Bolt B,Bezares,1000PBW434RA,cross,bezares-official,https://bezares.com/en-us/bezares-chelsea-muncie-pto-correspondence-codes-cross-reference/,0.99
Chelsea,221XEDDPW6RA,,Bezares,1000PBW434RA,cross,bezares-official,https://bezares.com/en-us/bezares-chelsea-muncie-pto-correspondence-codes-cross-reference/,0.99
Chelsea,221XEDDPW6RB,,Bezares,1000PBW434RA,cross,bezares-official,https://bezares.com/en-us/bezares-chelsea-muncie-pto-correspondence-codes-cross-reference/,0.99
Chelsea,221XEDDPW6XD,,Bezares,1000PBW434SE,cross,bezares-official,https://bezares.com/en-us/bezares-chelsea-muncie-pto-correspondence-codes-cross-reference/,0.99
Chelsea,221XEDDPW6XE,,Bezares,1000PBW434SF,cross,bezares-official,https://bezares.com/en-us/bezares-chelsea-muncie-pto-correspondence-codes-cross-reference/,0.99
Chelsea,221XEDDPW6XK,,Bezares,1000PBW434RA,cross,bezares-official,https://bezares.com/en-us/bezares-chelsea-muncie-pto-correspondence-codes-cross-reference/,0.99
Chelsea,221XEDDPW6XR,,Bezares,1000PBW434TP,cross,bezares-official,https://bezares.com/en-us/bezares-chelsea-muncie-pto-correspondence-codes-cross-reference/,0.99
Chelsea,221XEDDPW6XY,,Bezares,1000PBW434DA,cross,bezares-official,https://bezares.com/en-us/bezares-chelsea-muncie-pto-correspondence-codes-cross-reference/,0.99
Chelsea,221XEDDXA3AF,,Bezares,1000XBN431RB,cross,bezares-official,https://bezares.com/en-us/bezares-chelsea-muncie-pto-correspondence-codes-cross-reference/,0.99
Chelsea,221XEDDXA3AK,available with 2/4 Bolt B only the competitors is a 2 Bolt B,Bezares,1000XBN431RA,cross,bezares-official,https://bezares.com/en-us/bezares-chelsea-muncie-pto-correspondence-codes-cross-reference/,0.99
Chelsea,221XEDDXA3RA,,Bezares,1000XBN431RA,cross,bezares-official,https://bezares.com/en-us/bezares-chelsea-muncie-pto-correspondence-codes-cross-reference/,0.99
Chelsea,221XEDDXA3RB,,Bezares,1000XBN431RA,cross,bezares-official,https://bezares.com/en-us/bezares-chelsea-muncie-pto-correspondence-codes-cross-reference/,0.99
Chelsea,221XEDDXA3XD,,Bezares,1000XBN431SE,cross,bezares-official,https://bezares.com/en-us/bezares-chelsea-muncie-pto-correspondence-codes-cross-reference/,0.99
Chelsea,221XEDDXA3XE,,Bezares,1000XBN431SF,cross,bezares-official,https://bezares.com/en-us/bezares-chelsea-muncie-pto-correspondence-codes-cross-reference/,0.99
Chelsea,221XEDDXA3XK,,Bezares,1000XBN431RA,cross,bezares-official,https://bezares.com/en-us/bezares-chelsea-muncie-pto-correspondence-codes-cross-reference/,0.99
Chelsea,221XEDDXA3XR,,Bezares,1000XBN431TP,cross,bezares-official,https://bezares.com/en-us/bezares-chelsea-muncie-pto-correspondence-codes-cross-reference/,0.99
Chelsea,221XEDDXA3XY,,Bezares,1000XBN431DA,cross,bezares-official,https://bezares.com/en-us/bezares-chelsea-muncie-pto-correspondence-codes-cross-reference/,0.99
Chelsea,221XEDDXA4AF,,Bezares,1000XBN432RB,cross,bezares-official,https://bezares.com/en-us/bezares-chelsea-muncie-pto-correspondence-codes-cross-reference/,0.99
Chelsea,221XEDDXA4AK,available with 2/4 Bolt B only the competitors is a 2 Bolt B,Bezares,1000XBN432RA,cross,bezares-official,https://bezares.com/en-us/bezares-chelsea-muncie-pto-correspondence-codes-cross-reference/,0.99
Chelsea,221XEDDXA4RA,,Bezares,1000XBN432RA,cross,bezares-official,https://bezares.com/en-us/bezares-chelsea-muncie-pto-correspondence-codes-cross-reference/,0.99
Chelsea,221XEDDXA4RB,,Bezares,1000XBN432RA,cross,bezares-official,https://bezares.com/en-us/bezares-chelsea-muncie-pto-correspondence-codes-cross-reference/,0.99
Chelsea,221XEDDXA4XD,,Bezares,1000XBN432SE,cross,bezares-official,https://bezares.com/en-us/bezares-chelsea-muncie-pto-correspondence-codes-cross-reference/,0.99
Chelsea,221XEDDXA4XE,,Bezares,1000XBN432SF,cross,bezares-official,https://bezares.com/en-us/bezares-chelsea-muncie-pto-correspondence-codes-cross-reference/,0.99
Chelsea,221XEDDXA4XK,,Bezares,1000XBN432RA,cross,bezares-official,https://bezares.com/en-us/bezares-chelsea-muncie-pto-correspondence-codes-cross-reference/,0.99
Chelsea,221XEDDXA4XR,,Bezares,1000XBN432TP,cross,bezares-official,https://bezares.com/en-us/bezares-chelsea-muncie-pto-correspondence-codes-cross-reference/,0.99
Chelsea,221XEDDXA4XY,,Bezares,1000XBN432DA,cross,bezares-official,https://bezares.com/en-us/bezares-chelsea-muncie-pto-correspondence-codes-cross-reference/,0.99
Chelsea,221XEDDXA5AF,,Bezares,1000XBN433RB,cross,bezares-official,https://bezares.com/en-us/bezares-chelsea-muncie-pto-correspondence-codes-cross-reference/,0.99
Chelsea,221XEDDXA5AK,available with 2/4 Bolt B only the competitors is a 2 Bolt B,Bezares,1000XBN433RA,cross,bezares-official,https://bezares.com/en-us/bezares-chelsea-muncie-pto-correspondence-codes-cross-reference/,0.99
Chelsea,221XEDDXA5RA,,Bezares,1000XBN433RA,cross,bezares-official,https://bezares.com/en-us/bezares-chelsea-muncie-pto-correspondence-codes-cross-reference/,0.99
Chelsea,221XEDDXA5RB,,Bezares,1000XBN433RA,cross,bezares-official,https://bezares.com/en-us/bezares-chelsea-muncie-pto-correspondence-codes-cross-reference/,0.99
Chelsea,221XEDDXA5XD,,Bezares,1000XBN433SE,cross,bezares-official,https://bezares.com/en-us/bezares-chelsea-muncie-pto-correspondence-codes-cross-reference/,0.99
Chelsea,221XEDDXA5XE,,Bezares,1000XBN433SF,cross,bezares-official,https://bezares.com/en-us/bezares-chelsea-muncie-pto-correspondence-codes-cross-reference/,0.99
Chelsea,221XEDDXA5XK,,Bezares,1000XBN433RA,cross,bezares-official,https://bezares.com/en-us/bezares-chelsea-muncie-pto-correspondence-codes-cross-reference/,0.99
Muncie,HS24A1012J3SX,,Bezares,3252POF633SA,cross,bezares-official,https://bezares.com/en-us/bezares-chelsea-muncie-pto-correspondence-codes-cross-reference/,0.99
Muncie,RL6DF6305A2BX,mounts on limited Mack transmissions PLEASE CALL FOR OPTIONS . ADD AK101X (ON/OFF CAB CONTROL) IF NEEDED,Bezares,6000XCN172SE,cross,bezares-official,https://bezares.com/en-us/bezares-chelsea-muncie-pto-correspondence-codes-cross-reference/,0.99
Muncie,RL6DF6305A3BX,mounts on limited Mack transmissions PLEASE CALL FOR OPTIONS . ADD AK101X (ON/OFF CAB CONTROL) IF NEEDED,Bezares,6000XCN173SE,cross,bezares-official,https://bezares.com/en-us/bezares-chelsea-muncie-pto-correspondence-codes-cross-reference/,0.99
Muncie,RL6DF6605A2BX,mounts on limited Mack transmissions PLEASE CALL FOR OPTIONS . ADD AK101X (ON/OFF CAB CONTROL) IF NEEDED,Bezares,6000XCN422SE,cross,bezares-official,https://bezares.com/en-us/bezares-chelsea-muncie-pto-correspondence-codes-cross-reference/,0.99
Muncie,RL6DF6605A3BX,mounts on limited Mack transmissions PLEASE CALL FOR OPTIONS . ADD AK101X (ON/OFF CAB CONTROL) IF NEEDED,Bezares,6000XCN423SE,cross,bezares-official,https://bezares.com/en-us/bezares-chelsea-muncie-pto-correspondence-codes-cross-reference/,0.99
Muncie,RL6DM6505A2BX,mounts on limited Mack transmissions PLEASE CALL FOR OPTIONS . ADD AK101X (ON/OFF CAB CONTROL) IF NEEDED,Bezares,6000XCN242SE,cross,bezares-official,https://bezares.com/en-us/bezares-chelsea-muncie-pto-correspondence-codes-cross-reference/,0.99
Muncie,RL6DM6505A3BX,mounts on limited Mack transmissions PLEASE CALL FOR OPTIONS . ADD AK101X (ON/OFF CAB CONTROL) IF NEEDED,Bezares,6000XCN243SE,cross,bezares-official,https://bezares.com/en-us/bezares-chelsea-muncie-pto-correspondence-codes-cross-reference/,0.99
Muncie,RL6DS7105A2BX,mounts on limited Mack transmissions PLEASE CALL FOR OPTIONS . ADD AK101X (ON/OFF CAB CONTROL) IF NEEDED,Bezares,6000XCN342SE,cross,bezares-official,https://bezares.com/en-us/bezares-chelsea-muncie-pto-correspondence-codes-cross-reference/,0.99
Muncie,RL6DS7105A3BX,mounts on limited Mack transmissions PLEASE CALL FOR OPTIONS . ADD AK101X (ON/OFF CAB CONTROL) IF NEEDED,Bezares,6000XCN343SE,cross,bezares-official,https://bezares.com/en-us/bezares-chelsea-muncie-pto-correspondence-codes-cross-reference/,0.99
Muncie,RL6DU5705A2BX,mounts on limited Mack transmissions PLEASE CALL FOR OPTIONS . ADD AK101X (ON/OFF CAB CONTROL) IF NEEDED,Bezares,6000XCN022SE,cross,bezares-official,https://bezares.com/en-us/bezares-chelsea-muncie-pto-correspondence-codes-cross-reference/,0.99
Muncie,RL6DU5705A3BX,mounts on limited Mack transmissions PLEASE CALL FOR OPTIONS . ADD AK101X (ON/OFF CAB CONTROL) IF NEEDED,Bezares,6000XCN023SE,cross,bezares-official,https://bezares.com/en-us/bezares-chelsea-muncie-pto-correspondence-codes-cross-reference/,0.99
Muncie,RL6DU6805A2BX,mounts on limited Mack transmissions PLEASE CALL FOR OPTIONS . ADD AK101X (ON/OFF CAB CONTROL) IF NEEDED,Bezares,6000XCN012SE,cross,bezares-official,https://bezares.com/en-us/bezares-chelsea-muncie-pto-correspondence-codes-cross-reference/,0.99
Muncie,RL6DU6805A3BX,mounts on limited Mack transmissions PLEASE CALL FOR OPTIONS . ADD AK101X (ON/OFF CAB CONTROL) IF NEEDED,Bezares,6000XCN013SE,cross,bezares-official,https://bezares.com/en-us/bezares-chelsea-muncie-pto-correspondence-codes-cross-reference/,0.99
Muncie,RL8BF6305A2BX,ORDER with M1(THIS TRANSMISSION REQUIRES A METRIC STUD KIT) . ADD AK101X (ON/OFF CAB CONTROL) IF NEEDED,Bezares,6800XCN172SE,cross,bezares-official,https://bezares.com/en-us/bezares-chelsea-muncie-pto-correspondence-codes-cross-reference/,0.99
Muncie,RL8BF6305A3BX,ORDER with M1(THIS TRANSMISSION REQUIRES A METRIC STUD KIT) . ADD AK101X (ON/OFF CAB CONTROL) IF NEEDED,Bezares,6800XCN173SE,cross,bezares-official,https://bezares.com/en-us/bezares-chelsea-muncie-pto-correspondence-codes-cross-reference/,0.99
Muncie,RL8BF6605A2BX,ORDER with M1(THIS TRANSMISSION REQUIRES A METRIC STUD KIT) . ADD AK101X (ON/OFF CAB CONTROL) IF NEEDED,Bezares,6800XCN422SE,cross,bezares-official,https://bezares.com/en-us/bezares-chelsea-muncie-pto-correspondence-codes-cross-reference/,0.99
Muncie,RL8BF6605A3BX,ORDER with M1(THIS TRANSMISSION REQUIRES A METRIC STUD KIT) . ADD AK101X (ON/OFF CAB CONTROL) IF NEEDED,Bezares,6800XCN423SE,cross,bezares-official,https://bezares.com/en-us/bezares-chelsea-muncie-pto-correspondence-codes-cross-reference/,0.99
Muncie,RL8BM6505A2BX,ORDER with M1(THIS TRANSMISSION REQUIRES A METRIC STUD KIT) . ADD AK101X (ON/OFF CAB CONTROL) IF NEEDED,Bezares,6800XCN242SE,cross,bezares-official,https://bezares.com/en-us/bezares-chelsea-muncie-pto-correspondence-codes-cross-reference/,0.99
Muncie,RL8BM6505A3BX,ORDER with M1(THIS TRANSMISSION REQUIRES A METRIC STUD KIT) . ADD AK101X (ON/OFF CAB CONTROL) IF NEEDED,Bezares,6800XCN243SE,cross,bezares-official,https://bezares.com/en-us/bezares-chelsea-muncie-pto-correspondence-codes-cross-reference/,0.99
Muncie,RL8BS7105A2BX,ORDER with M1(THIS TRANSMISSION REQUIRES A METRIC STUD KIT) . ADD AK101X (ON/OFF CAB CONTROL) IF NEEDED,Bezares,6800XCN342SE,cross,bezares-official,https://bezares.com/en-us/bezares-chelsea-muncie-pto-correspondence-codes-cross-reference/,0.99
Muncie,RL8BS7105A3BX,ORDER with M1(THIS TRANSMISSION REQUIRES A METRIC STUD KIT) . ADD AK101X (ON/OFF CAB CONTROL) IF NEEDED,Bezares,6800XCN343SE,cross,bezares-official,https://bezares.com/en-us/bezares-chelsea-muncie-pto-correspondence-codes-cross-reference/,0.99
Muncie,RL8BU5705A2BX,ORDER with M1(THIS TRANSMISSION REQUIRES A METRIC STUD KIT) . ADD AK101X (ON/OFF CAB CONTROL) IF NEEDED,Bezares,6800XCN022SE,cross,bezares-official,https://bezares.com/en-us/bezares-chelsea-muncie-pto-correspondence-codes-cross-reference/,0.99
Muncie,RL8BU5705A3BX,ORDER with M1(THIS TRANSMISSION REQUIRES A METRIC STUD KIT) . ADD AK101X (ON/OFF CAB CONTROL) IF NEEDED,Bezares,6800XCN023SE,cross,bezares-official,https://bezares.com/en-us/bezares-chelsea-muncie-pto-correspondence-codes-cross-reference/,0.99
Muncie,RL8BU6805A2BX,ORDER with M1(THIS TRANSMISSION REQUIRES A METRIC STUD KIT) . ADD AK101X (ON/OFF CAB CONTROL) IF NEEDED,Bezares,6800XCN012SE,cross,bezares-official,https://bezares.com/en-us/bezares-chelsea-muncie-pto-correspondence-codes-cross-reference/,0.99
Muncie,RL8BU6805A3BX,ORDER with M1(THIS TRANSMISSION REQUIRES A METRIC STUD KIT) . ADD AK101X (ON/OFF CAB CONTROL) IF NEEDED,Bezares,6800XCN013SE,cross,bezares-official,https://bezares.com/en-us/bezares-chelsea-muncie-pto-correspondence-codes-cross-reference/,0.99
Muncie,RL8SF6305A2BX,. ADD AK101X (ON/OFF CAB CONTROL) IF NEEDED,Bezares,6800XCN172SE,cross,bezares-official,https://bezares.com/en-us/bezares-chelsea-muncie-pto-correspondence-codes-cross-reference/,0.99
Muncie,RL8SF6305A3BX,. ADD AK101X (ON/OFF CAB CONTROL) IF NEEDED,Bezares,6800XCN173SE,cross,bezares-official,https://bezares.com/en-us/bezares-chelsea-muncie-pto-correspondence-codes-cross-reference/,0.99
Muncie,RL8SF6605A2BX,. ADD AK101X (ON/OFF CAB CONTROL) IF NEEDED,Bezares,6800XCN422SE,cross,bezares-official,https://bezares.com/en-us/bezares-chelsea-muncie-pto-correspondence-codes-cross-reference/,0.99
Muncie,RL8SF6605A3BX,. ADD AK101X (ON/OFF CAB CONTROL) IF NEEDED,Bezares,6800XCN423SE,cross,bezares-official,https://bezares.com/en-us/bezares-chelsea-muncie-pto-correspondence-codes-cross-reference/,0.99
Muncie,RL8SM6505A2BX,. ADD AK101X (ON/OFF CAB CONTROL) IF NEEDED,Bezares,6800XCN242SE,cross,bezares-official,https://bezares.com/en-us/bezares-chelsea-muncie-pto-correspondence-codes-cross-reference/,0.99
Muncie,RL8SM6505A3BX,. ADD AK101X (ON/OFF CAB CONTROL) IF NEEDED,Bezares,6800XCN243SE,cross,bezares-official,https://bezares.com/en-us/bezares-chelsea-muncie-pto-correspondence-codes-cross-reference/,0.99
Muncie,RL8SS7105A2BX,. ADD AK101X (ON/OFF CAB CONTROL) IF NEEDED,Bezares,6800XCN342SE,cross,bezares-official,https://bezares.com/en-us/bezares-chelsea-muncie-pto-correspondence-codes-cross-reference/,0.99
Muncie,RL8SS7105A3BX,. ADD AK101X (ON/OFF CAB CONTROL) IF NEEDED,Bezares,6800XCN343SE,cross,bezares-official,https://bezares.com/en-us/bezares-chelsea-muncie-pto-correspondence-codes-cross-reference/,0.99
Muncie,RL8SU5705A2BX,. ADD AK101X (ON/OFF CAB CONTROL) IF NEEDED,Bezares,6800XCN022SE,cross,bezares-official,https://bezares.com/en-us/bezares-chelsea-muncie-pto-correspondence-codes-cross-reference/,0.99
Muncie,RL8SU5705A3BX,. ADD AK101X (ON/OFF CAB CONTROL) IF NEEDED,Bezares,6800XCN023SE,cross,bezares-official,https://bezares.com/en-us/bezares-chelsea-muncie-pto-correspondence-codes-cross-reference/,0.99
Muncie,RL8SU6805A2BX,. ADD AK101X (ON/OFF CAB CONTROL) IF NEEDED,Bezares,6800XCN012SE,cross,bezares-official,https://bezares.com/en-us/bezares-chelsea-muncie-pto-correspondence-codes-cross-reference/,0.99
Muncie,RL8SU6805A3BX,. ADD AK101X (ON/OFF CAB CONTROL) IF NEEDED,Bezares,6800XCN013SE,cross,bezares-official,https://bezares.com/en-us/bezares-chelsea-muncie-pto-correspondence-codes-cross-reference/,0.99
Muncie,RS6SP89M2P1CX,,Bezares,120X13DIB,cross,bezares-official,https://bezares.com/en-us/bezares-chelsea-muncie-pto-correspondence-codes-cross-reference/,0.99
Muncie,RS6SP89M2P1DX,,Bezares,120X13DIC,cross,bezares-official,https://bezares.com/en-us/bezares-chelsea-muncie-pto-correspondence-codes-cross-reference/,0.99
Muncie,RS6SP89M2P1PX,,Bezares,120X13DSB,cross,bezares-official,https://bezares.com/en-us/bezares-chelsea-muncie-pto-correspondence-codes-cross-reference/,0.99
Muncie,SH8BM6505A12X,ORDER with M2 stud kit( THIS IS METRIC TRANSMISSION AND REQUIRES M2 STUD KIT). Bezares 4100 has higher torque and HP than SH8S . ADD AK101X (ON/OFF CAB CONTROL) IF NEEDED,Bezares,4100XBN241ID,cross,bezares-official,https://bezares.com/en-us/bezares-chelsea-muncie-pto-correspondence-codes-cross-reference/,0.99
Muncie,SH8BM6505A1BX,ORDER with M2 stud kit( THIS IS METRIC TRANSMISSION AND REQUIRES M2 STUD KIT). Bezares 4100 has higher torque and HP than SH8S . ADD AK101X (ON/OFF CAB CONTROL) IF NEEDED,Bezares,4100XBN241SE,cross,bezares-official,https://bezares.com/en-us/bezares-chelsea-muncie-pto-correspondence-codes-cross-reference/,0.99
Muncie,SH8BM6505A1CX,ORDER with M2 stud kit( THIS IS METRIC TRANSMISSION AND REQUIRES M2 STUD KIT). Bezares 4100 has higher torque and HP than SH8S . ADD AK101X (ON/OFF CAB CONTROL) IF NEEDED,Bezares,4100XBN241IC,cross,bezares-official,https://bezares.com/en-us/bezares-chelsea-muncie-pto-correspondence-codes-cross-reference/,0.99
Muncie,SH8BM6505A1EX,ORDER with M2 stud kit( THIS IS METRIC TRANSMISSION AND REQUIRES M2 STUD KIT). Bezares 4100 has higher torque and HP than SH8S . ADD AK101X (ON/OFF CAB CONTROL) IF NEEDED,Bezares,4100XBN241RK,cross,bezares-official,https://bezares.com/en-us/bezares-chelsea-muncie-pto-correspondence-codes-cross-reference/,0.99
Muncie,SH8BM6505A1IX,ORDER with M2 stud kit( THIS IS METRIC TRANSMISSION AND REQUIRES M2 STUD KIT). Bezares 4100 has higher torque and HP than SH8S . ADD AK101X (ON/OFF CAB CONTROL) IF NEEDED,Bezares,4100XBN241DA,cross,bezares-official,https://bezares.com/en-us/bezares-chelsea-muncie-pto-correspondence-codes-cross-reference/,0.99
Muncie,SH8BM6505A1KX,ORDER with M2 stud kit( THIS IS METRIC TRANSMISSION AND REQUIRES M2 STUD KIT). Bezares 4100 has higher torque and HP than SH8S . ADD AK101X (ON/OFF CAB CONTROL) IF NEEDED,Bezares,4100XBN241RA,cross,bezares-official,https://bezares.com/en-us/bezares-chelsea-muncie-pto-correspondence-codes-cross-reference/,0.99
Muncie,SH8BM6505A1PX,ORDER with M2 stud kit( THIS IS METRIC TRANSMISSION AND REQUIRES M2 STUD KIT). Bezares 4100 has higher torque and HP than SH8S . ADD AK101X (ON/OFF CAB CONTROL) IF NEEDED,Bezares,4100XBN241RB,cross,bezares-official,https://bezares.com/en-us/bezares-chelsea-muncie-pto-correspondence-codes-cross-reference/,0.99
Muncie,SH8BM6505A1SX,ORDER with M2 stud kit( THIS IS METRIC TRANSMISSION AND REQUIRES M2 STUD KIT). Bezares 4100 has higher torque and HP than SH8S available with 2/4 Bolt B only the competitors is a 2 Bolt B . ADD AK101X (ON/OFF CAB CONTROL) IF NEEDED,Bezares,4100XBN241RA,cross,bezares-official,https://bezares.com/en-us/bezares-chelsea-muncie-pto-correspondence-codes-cross-reference/,0.99
Muncie,SH8BM6505A32X,ORDER with M2 stud kit( THIS IS METRIC TRANSMISSION AND REQUIRES M2 STUD KIT). Bezares 4100 has higher torque and HP than SH8S . ADD AK101X (ON/OFF CAB CONTROL) IF NEEDED,Bezares,4100XBN243ID,cross,bezares-official,https://bezares.com/en-us/bezares-chelsea-muncie-pto-correspondence-codes-cross-reference/,0.99
Muncie,SH8BM6505A3BX,ORDER with M2 stud kit( THIS IS METRIC TRANSMISSION AND REQUIRES M2 STUD KIT). Bezares 4100 has higher torque and HP than SH8S . ADD AK101X (ON/OFF CAB CONTROL) IF NEEDED,Bezares,4100XBN243SE,cross,bezares-official,https://bezares.com/en-us/bezares-chelsea-muncie-pto-correspondence-codes-cross-reference/,0.99
Muncie,SH8BM6505A3CX,ORDER with M2 stud kit( THIS IS METRIC TRANSMISSION AND REQUIRES M2 STUD KIT). Bezares 4100 has higher torque and HP than SH8S . ADD AK101X (ON/OFF CAB CONTROL) IF NEEDED,Bezares,4100XBN243IC,cross,bezares-official,https://bezares.com/en-us/bezares-chelsea-muncie-pto-correspondence-codes-cross-reference/,0.99
Muncie,SH8BM6505A3EX,ORDER with M2 stud kit( THIS IS METRIC TRANSMISSION AND REQUIRES M2 STUD KIT). Bezares 4100 has higher torque and HP than SH8S . ADD AK101X (ON/OFF CAB CONTROL) IF NEEDED,Bezares,4100XBN243RK,cross,bezares-official,https://bezares.com/en-us/bezares-chelsea-muncie-pto-correspondence-codes-cross-reference/,0.99
Muncie,SH8BM6505A3IX,ORDER with M2 stud kit( THIS IS METRIC TRANSMISSION AND REQUIRES M2 STUD KIT). Bezares 4100 has higher torque and HP than SH8S . ADD AK101X (ON/OFF CAB CONTROL) IF NEEDED,Bezares,4100XBN243DA,cross,bezares-official,https://bezares.com/en-us/bezares-chelsea-muncie-pto-correspondence-codes-cross-reference/,0.99
Muncie,SH8BM6505A3KX,ORDER with M2 stud kit( THIS IS METRIC TRANSMISSION AND REQUIRES M2 STUD KIT). Bezares 4100 has higher torque and HP than SH8S . ADD AK101X (ON/OFF CAB CONTROL) IF NEEDED,Bezares,4100XBN243RA,cross,bezares-official,https://bezares.com/en-us/bezares-chelsea-muncie-pto-correspondence-codes-cross-reference/,0.99
Muncie,SH8BM6505A3PX,ORDER with M2 stud kit( THIS IS METRIC TRANSMISSION AND REQUIRES M2 STUD KIT). Bezares 4100 has higher torque and HP than SH8S . ADD AK101X (ON/OFF CAB CONTROL) IF NEEDED,Bezares,4100XBN243RB,cross,bezares-official,https://bezares.com/en-us/bezares-chelsea-muncie-pto-correspondence-codes-cross-reference/,0.99
Muncie,SH8BM6505A3SX,ORDER with M2 stud kit( THIS IS METRIC TRANSMISSION AND REQUIRES M2 STUD KIT). Bezares 4100 has higher torque and HP than SH8S available with 2/4 Bolt B only the competitors is a 2 Bolt B . ADD AK101X (ON/OFF CAB CONTROL) IF NEEDED,Bezares,4100XBN243RA,cross,bezares-official,https://bezares.com/en-us/bezares-chelsea-muncie-pto-correspondence-codes-cross-reference/,0.99
Muncie,SH8BM6505P12X,ORDER with M2 stud kit( THIS IS METRIC TRANSMISSION AND REQUIRES M2 STUD KIT). Bezares 4100 has higher torque and HP than SH8S,Bezares,4100XBN241ID,cross,bezares-official,https://bezares.com/en-us/bezares-chelsea-muncie-pto-correspondence-codes-cross-reference/,0.99
Muncie,SH8BM6505P1BX,ORDER with M2 stud kit( THIS IS METRIC TRANSMISSION AND REQUIRES M2 STUD KIT). Bezares 4100 has higher torque and HP than SH8S,Bezares,4100XBN241SE,cross,bezares-official,https://bezares.com/en-us/bezares-chelsea-muncie-pto-correspondence-codes-cross-reference/,0.99
Muncie,SH8BM6505P1CX,ORDER with M2 stud kit( THIS IS METRIC TRANSMISSION AND REQUIRES M2 STUD KIT). Bezares 4100 has higher torque and HP than SH8S,Bezares,4100XBN241IC,cross,bezares-official,https://bezares.com/en-us/bezares-chelsea-muncie-pto-correspondence-codes-cross-reference/,0.99
Muncie,SH8BM6505P1EX,ORDER with M2 stud kit( THIS IS METRIC TRANSMISSION AND REQUIRES M2 STUD KIT). Bezares 4100 has higher torque and HP than SH8S,Bezares,4100XBN241RK,cross,bezares-official,https://bezares.com/en-us/bezares-chelsea-muncie-pto-correspondence-codes-cross-reference/,0.99
Muncie,SH8BM6505P1IX,ORDER with M2 stud kit( THIS IS METRIC TRANSMISSION AND REQUIRES M2 STUD KIT). Bezares 4100 has higher torque and HP than SH8S,Bezares,4100XBN241DA,cross,bezares-official,https://bezares.com/en-us/bezares-chelsea-muncie-pto-correspondence-codes-cross-reference/,0.99
Muncie,SH8BM6505P1KX,ORDER with M2 stud kit( THIS IS METRIC TRANSMISSION AND REQUIRES M2 STUD KIT). Bezares 4100 has higher torque and HP than SH8S,Bezares,4100XBN241RA,cross,bezares-official,https://bezares.com/en-us/bezares-chelsea-muncie-pto-correspondence-codes-cross-reference/,0.99
Muncie,SH8BM6505P1PX,ORDER with M2 stud kit( THIS IS METRIC TRANSMISSION AND REQUIRES M2 STUD KIT). Bezares 4100 has higher torque and HP than SH8S,Bezares,4100XBN241RB,cross,bezares-official,https://bezares.com/en-us/bezares-chelsea-muncie-pto-correspondence-codes-cross-reference/,0.99
Muncie,SH8BM6505P1SX,ORDER with M2 stud kit( THIS IS METRIC TRANSMISSION AND REQUIRES M2 STUD KIT). Bezares 4100 has higher torque and HP than SH8S available with 2/4 Bolt B only the competitors is a 2 Bolt B,Bezares,4100XBN241RA,cross,bezares-official,https://bezares.com/en-us/bezares-chelsea-muncie-pto-correspondence-codes-cross-reference/,0.99
Muncie,SH8BM6505P32X,ORDER with M2 stud kit( THIS IS METRIC TRANSMISSION AND REQUIRES M2 STUD KIT). Bezares 4100 has higher torque and HP than SH8S,Bezares,4100XBN243ID,cross,bezares-official,https://bezares.com/en-us/bezares-chelsea-muncie-pto-correspondence-codes-cross-reference/,0.99
Muncie,SH8BM6505P3BX,ORDER with M2 stud kit( THIS IS METRIC TRANSMISSION AND REQUIRES M2 STUD KIT). Bezares 4100 has higher torque and HP than SH8S,Bezares,4100XBN243SE,cross,bezares-official,https://bezares.com/en-us/bezares-chelsea-muncie-pto-correspondence-codes-cross-reference/,0.99
Muncie,SH8BM6505P3CX,ORDER with M2 stud kit( THIS IS METRIC TRANSMISSION AND REQUIRES M2 STUD KIT). Bezares 4100 has higher torque and HP than SH8S,Bezares,4100XBN243IC,cross,bezares-official,https://bezares.com/en-us/bezares-chelsea-muncie-pto-correspondence-codes-cross-reference/,0.99
Muncie,SH8BM6505P3EX,ORDER with M2 stud kit( THIS IS METRIC TRANSMISSION AND REQUIRES M2 STUD KIT). Bezares 4100 has higher torque and HP than SH8S,Bezares,4100XBN243RK,cross,bezares-official,https://bezares.com/en-us/bezares-chelsea-muncie-pto-correspondence-codes-cross-reference/,0.99
Muncie,SH8BM6505P3IX,ORDER with M2 stud kit( THIS IS METRIC TRANSMISSION AND REQUIRES M2 STUD KIT). Bezares 4100 has higher torque and HP than SH8S,Bezares,4100XBN243DA,cross,bezares-official,https://bezares.com/en-us/bezares-chelsea-muncie-pto-correspondence-codes-cross-reference/,0.99
Muncie,SH8BM6505P3KX,ORDER with M2 stud kit( THIS IS METRIC TRANSMISSION AND REQUIRES M2 STUD KIT). Bezares 4100 has higher torque and HP than SH8S,Bezares,4100XBN243RA,cross,bezares-official,https://bezares.com/en-us/bezares-chelsea-muncie-pto-correspondence-codes-cross-reference/,0.99
Muncie,SH8BM6505P3PX,ORDER with M2 stud kit( THIS IS METRIC TRANSMISSION AND REQUIRES M2 STUD KIT). Bezares 4100 has higher torque and HP than SH8S,Bezares,4100XBN243RB,cross,bezares-official,https://bezares.com/en-us/bezares-chelsea-muncie-pto-correspondence-codes-cross-reference/,0.99
Muncie,SH8BM6505P3SX,ORDER with M2 stud kit( THIS IS METRIC TRANSMISSION AND REQUIRES M2 STUD KIT). Bezares 4100 has higher torque and HP than SH8S available with 2/4 Bolt B only the competitors is a 2 Bolt B,Bezares,4100XBN243RA,cross,bezares-official,https://bezares.com/en-us/bezares-chelsea-muncie-pto-correspondence-codes-cross-reference/,0.99
Muncie,SH8BM6507A12X,ORDER with M2 stud kit( THIS IS METRIC TRANSMISSION AND REQUIRES M2 STUD KIT). Bezares 4100 has higher torque and HP than SH8S . ADD AK101X (ON/OFF CAB CONTROL) IF NEEDED,Bezares,4100XCN241ID,cross,bezares-official,https://bezares.com/en-us/bezares-chelsea-muncie-pto-correspondence-codes-cross-reference/,0.99
Muncie,SH8BM6507A1BX,ORDER with M2 stud kit( THIS IS METRIC TRANSMISSION AND REQUIRES M2 STUD KIT). Bezares 4100 has higher torque and HP than SH8S . ADD AK101X (ON/OFF CAB CONTROL) IF NEEDED,Bezares,4100XCN241SE,cross,bezares-official,https://bezares.com/en-us/bezares-chelsea-muncie-pto-correspondence-codes-cross-reference/,0.99
Muncie,SH8BM6507A1CX,ORDER with M2 stud kit( THIS IS METRIC TRANSMISSION AND REQUIRES M2 STUD KIT). Bezares 4100 has higher torque and HP than SH8S . ADD AK101X (ON/OFF CAB CONTROL) IF NEEDED,Bezares,4100XCN241IC,cross,bezares-official,https://bezares.com/en-us/bezares-chelsea-muncie-pto-correspondence-codes-cross-reference/,0.99
Muncie,SH8BM6507A1EX,ORDER with M2 stud kit( THIS IS METRIC TRANSMISSION AND REQUIRES M2 STUD KIT). Bezares 4100 has higher torque and HP than SH8S . ADD AK101X (ON/OFF CAB CONTROL) IF NEEDED,Bezares,4100XCN241RK,cross,bezares-official,https://bezares.com/en-us/bezares-chelsea-muncie-pto-correspondence-codes-cross-reference/,0.99
Muncie,SH8BM6507A1IX,ORDER with M2 stud kit( THIS IS METRIC TRANSMISSION AND REQUIRES M2 STUD KIT). Bezares 4100 has higher torque and HP than SH8S . ADD AK101X (ON/OFF CAB CONTROL) IF NEEDED,Bezares,4100XCN241DA,cross,bezares-official,https://bezares.com/en-us/bezares-chelsea-muncie-pto-correspondence-codes-cross-reference/,0.99
Muncie,SH8BM6507A1KX,ORDER with M2 stud kit( THIS IS METRIC TRANSMISSION AND REQUIRES M2 STUD KIT). Bezares 4100 has higher torque and HP than SH8S . ADD AK101X (ON/OFF CAB CONTROL) IF NEEDED,Bezares,4100XCN241RA,cross,bezares-official,https://bezares.com/en-us/bezares-chelsea-muncie-pto-correspondence-codes-cross-reference/,0.99
Muncie,SH8BM6507A1PX,ORDER with M2 stud kit( THIS IS METRIC TRANSMISSION AND REQUIRES M2 STUD KIT). Bezares 4100 has higher torque and HP than SH8S . ADD AK101X (ON/OFF CAB CONTROL) IF NEEDED,Bezares,4100XCN241RB,cross,bezares-official,https://bezares.com/en-us/bezares-chelsea-muncie-pto-correspondence-codes-cross-reference/,0.99
Muncie,SH8BM6507A1SX,ORDER with M2 stud kit( THIS IS METRIC TRANSMISSION AND REQUIRES M2 STUD KIT). Bezares 4100 has higher torque and HP than SH8S available with 2/4 Bolt B only the competitors is a 2 Bolt B . ADD AK101X (ON/OFF CAB CONTROL) IF NEEDED,Bezares,4100XCN241RA,cross,bezares-official,https://bezares.com/en-us/bezares-chelsea-muncie-pto-correspondence-codes-cross-reference/,0.99
Muncie,SH8BM6507A32X,ORDER with M2 stud kit( THIS IS METRIC TRANSMISSION AND REQUIRES M2 STUD KIT). Bezares 4100 has higher torque and HP than SH8S . ADD AK101X (ON/OFF CAB CONTROL) IF NEEDED,Bezares,4100XCN243ID,cross,bezares-official,https://bezares.com/en-us/bezares-chelsea-muncie-pto-correspondence-codes-cross-reference/,0.99
Muncie,SH8BM6507A3BX,ORDER with M2 stud kit( THIS IS METRIC TRANSMISSION AND REQUIRES M2 STUD KIT). Bezares 4100 has higher torque and HP than SH8S . ADD AK101X (ON/OFF CAB CONTROL) IF NEEDED,Bezares,4100XCN243SE,cross,bezares-official,https://bezares.com/en-us/bezares-chelsea-muncie-pto-correspondence-codes-cross-reference/,0.99
Muncie,SH8BM6507A3CX,ORDER with M2 stud kit( THIS IS METRIC TRANSMISSION AND REQUIRES M2 STUD KIT). Bezares 4100 has higher torque and HP than SH8S . ADD AK101X (ON/OFF CAB CONTROL) IF NEEDED,Bezares,4100XCN243IC,cross,bezares-official,https://bezares.com/en-us/bezares-chelsea-muncie-pto-correspondence-codes-cross-reference/,0.99
Muncie,SH8BM6507A3EX,ORDER with M2 stud kit( THIS IS METRIC TRANSMISSION AND REQUIRES M2 STUD KIT). Bezares 4100 has higher torque and HP than SH8S . ADD AK101X (ON/OFF CAB CONTROL) IF NEEDED,Bezares,4100XCN243RK,cross,bezares-official,https://bezares.com/en-us/bezares-chelsea-muncie-pto-correspondence-codes-cross-reference/,0.99
Muncie,SH8BM6507A3IX,ORDER with M2 stud kit( THIS IS METRIC TRANSMISSION AND REQUIRES M2 STUD KIT). Bezares 4100 has higher torque and HP than SH8S . ADD AK101X (ON/OFF CAB CONTROL) IF NEEDED,Bezares,4100XCN243DA,cross,bezares-official,https://bezares.com/en-us/bezares-chelsea-muncie-pto-correspondence-codes-cross-reference/,0.99
Muncie,SH8BM6507A3KX,ORDER with M2 stud kit( THIS IS METRIC TRANSMISSION AND REQUIRES M2 STUD KIT). Bezares 4100 has higher torque and HP than SH8S . ADD AK101X (ON/OFF CAB CONTROL) IF NEEDED,Bezares,4100XCN243RA,cross,bezares-official,https://bezares.com/en-us/bezares-chelsea-muncie-pto-correspondence-codes-cross-reference/,0.99
Muncie,SH8BM6507A3PX,ORDER with M2 stud kit( THIS IS METRIC TRANSMISSION AND REQUIRES M2 STUD KIT). Bezares 4100 has higher torque and HP than SH8S . ADD AK101X (ON/OFF CAB CONTROL) IF NEEDED,Bezares,4100XCN243RB,cross,bezares-official,https://bezares.com/en-us/bezares-chelsea-muncie-pto-correspondence-codes-cross-reference/,0.99
Muncie,SH8BM6507A3SX,ORDER with M2 stud kit( THIS IS METRIC TRANSMISSION AND REQUIRES M2 STUD KIT). Bezares 4100 has higher torque and HP than SH8S available with 2/4 Bolt B only the competitors is a 2 Bolt B . ADD AK101X (ON/OFF CAB CONTROL) IF NEEDED,Bezares,4100XCN243RA,cross,bezares-official,https://bezares.com/en-us/bezares-chelsea-muncie-pto-correspondence-codes-cross-reference/,0.99
Muncie,SH8BM6507P12X,ORDER with M2 stud kit( THIS IS METRIC TRANSMISSION AND REQUIRES M2 STUD KIT). Bezares 4100 has higher torque and HP than SH8S,Bezares,4100XCN241ID,cross,bezares-official,https://bezares.com/en-us/bezares-chelsea-muncie-pto-correspondence-codes-cross-reference/,0.99
Muncie,SH8BM6507P1BX,ORDER with M2 stud kit( THIS IS METRIC TRANSMISSION AND REQUIRES M2 STUD KIT). Bezares 4100 has higher torque and HP than SH8S,Bezares,4100XCN241SE,cross,bezares-official,https://bezares.com/en-us/bezares-chelsea-muncie-pto-correspondence-codes-cross-reference/,0.99
Muncie,SH8BM6507P1CX,ORDER with M2 stud kit( THIS IS METRIC TRANSMISSION AND REQUIRES M2 STUD KIT). Bezares 4100 has higher torque and HP than SH8S,Bezares,4100XCN241IC,cross,bezares-official,https://bezares.com/en-us/bezares-chelsea-muncie-pto-correspondence-codes-cross-reference/,0.99
Muncie,SH8BM6507P1EX,ORDER with M2 stud kit( THIS IS METRIC TRANSMISSION AND REQUIRES M2 STUD KIT). Bezares 4100 has higher torque and HP than SH8S,Bezares,4100XCN241RK,cross,bezares-official,https://bezares.com/en-us/bezares-chelsea-muncie-pto-correspondence-codes-cross-reference/,0.99
Muncie,SH8BM6507P1IX,ORDER with M2 stud kit( THIS IS METRIC TRANSMISSION AND REQUIRES M2 STUD KIT). Bezares 4100 has higher torque and HP than SH8S,Bezares,4100XCN241DA,cross,bezares-official,https://bezares.com/en-us/bezares-chelsea-muncie-pto-correspondence-codes-cross-reference/,0.99
Muncie,SH8BM6507P1KX,ORDER with M2 stud kit( THIS IS METRIC TRANSMISSION AND REQUIRES M2 STUD KIT). Bezares 4100 has higher torque and HP than SH8S,Bezares,4100XCN241RA,cross,bezares-official,https://bezares.com/en-us/bezares-chelsea-muncie-pto-correspondence-codes-cross-reference/,0.99
Muncie,SH8BM6507P1PX,ORDER with M2 stud kit( THIS IS METRIC TRANSMISSION AND REQUIRES M2 STUD KIT). Bezares 4100 has higher torque and HP than SH8S,Bezares,4100XCN241RB,cross,bezares-official,https://bezares.com/en-us/bezares-chelsea-muncie-pto-correspondence-codes-cross-reference/,0.99
Muncie,SH8BM6507P1SX,ORDER with M2 stud kit( THIS IS METRIC TRANSMISSION AND REQUIRES M2 STUD KIT). Bezares 4100 has higher torque and HP than SH8S available with 2/4 Bolt B only the competitors is a 2 Bolt B,Bezares,4100XCN241RA,cross,bezares-official,https://bezares.com/en-us/bezares-chelsea-muncie-pto-correspondence-codes-cross-reference/,0.99
Muncie,SH8BM6507P32X,ORDER with M2 stud kit( THIS IS METRIC TRANSMISSION AND REQUIRES M2 STUD KIT). Bezares 4100 has higher torque and HP than SH8S,Bezares,4100XCN243ID,cross,bezares-official,https://bezares.com/en-us/bezares-chelsea-muncie-pto-correspondence-codes-cross-reference/,0.99
Muncie,SH8BM6507P3BX,ORDER with M2 stud kit( THIS IS METRIC TRANSMISSION AND REQUIRES M2 STUD KIT). Bezares 4100 has higher torque and HP than SH8S,Bezares,4100XCN243SE,cross,bezares-official,https://bezares.com/en-us/bezares-chelsea-muncie-pto-correspondence-codes-cross-reference/,0.99
Muncie,SH8BM6507P3CX,ORDER with M2 stud kit( THIS IS METRIC TRANSMISSION AND REQUIRES M2 STUD KIT). Bezares 4100 has higher torque and HP than SH8S,Bezares,4100XCN243IC,cross,bezares-official,https://bezares.com/en-us/bezares-chelsea-muncie-pto-correspondence-codes-cross-reference/,0.99
Muncie,SH8BM6507P3EX,ORDER with M2 stud kit( THIS IS METRIC TRANSMISSION AND REQUIRES M2 STUD KIT). Bezares 4100 has higher torque and HP than SH8S,Bezares,4100XCN243RK,cross,bezares-official,https://bezares.com/en-us/bezares-chelsea-muncie-pto-correspondence-codes-cross-reference/,0.99
Muncie,SH8BM6507P3IX,ORDER with M2 stud kit( THIS IS METRIC TRANSMISSION AND REQUIRES M2 STUD KIT). Bezares 4100 has higher torque and HP than SH8S,Bezares,4100XCN243DA,cross,bezares-official,https://bezares.com/en-us/bezares-chelsea-muncie-pto-correspondence-codes-cross-reference/,0.99
Muncie,SH8BM6507P3KX,ORDER with M2 stud kit( THIS IS METRIC TRANSMISSION AND REQUIRES M2 STUD KIT). Bezares 4100 has higher torque and HP than SH8S,Bezares,4100XCN243RA,cross,bezares-official,https://bezares.com/en-us/bezares-chelsea-muncie-pto-correspondence-codes-cross-reference/,0.99
Muncie,SH8BM6507P3PX,ORDER with M2 stud kit( THIS IS METRIC TRANSMISSION AND REQUIRES M2 STUD KIT). Bezares 4100 has higher torque and HP than SH8S,Bezares,4100XCN243RB,cross,bezares-official,https://bezares.com/en-us/bezares-chelsea-muncie-pto-correspondence-codes-cross-reference/,0.99
Muncie,SH8BM6507P3SX,ORDER with M2 stud kit( THIS IS METRIC TRANSMISSION AND REQUIRES M2 STUD KIT). Bezares 4100 has higher torque and HP than SH8S available with 2/4 Bolt B only the competitors is a 2 Bolt B,Bezares,4100XCN243RA,cross,bezares-official,https://bezares.com/en-us/bezares-chelsea-muncie-pto-correspondence-codes-cross-reference/,0.99
Muncie,SH8BM6509A12X,ORDER with M2 stud kit( THIS IS METRIC TRANSMISSION AND REQUIRES M2 STUD KIT). Bezares 4100 has higher torque and HP than SH8S . ADD AK101X (ON/OFF CAB CONTROL) IF NEEDED,Bezares,4100XEN241ID,cross,bezares-official,https://bezares.com/en-us/bezares-chelsea-muncie-pto-correspondence-codes-cross-reference/,0.99
Muncie,SH8BM6509A1BX,ORDER with M2 stud kit( THIS IS METRIC TRANSMISSION AND REQUIRES M2 STUD KIT). Bezares 4100 has higher torque and HP than SH8S . ADD AK101X (ON/OFF CAB CONTROL) IF NEEDED,Bezares,4100XEN241SE,cross,bezares-official,https://bezares.com/en-us/bezares-chelsea-muncie-pto-correspondence-codes-cross-reference/,0.99
Muncie,SH8BM6509A1CX,ORDER with M2 stud kit( THIS IS METRIC TRANSMISSION AND REQUIRES M2 STUD KIT). Bezares 4100 has higher torque and HP than SH8S . ADD AK101X (ON/OFF CAB CONTROL) IF NEEDED,Bezares,4100XEN241IC,cross,bezares-official,https://bezares.com/en-us/bezares-chelsea-muncie-pto-correspondence-codes-cross-reference/,0.99
Muncie,SH8BM6509A1EX,ORDER with M2 stud kit( THIS IS METRIC TRANSMISSION AND REQUIRES M2 STUD KIT). Bezares 4100 has higher torque and HP than SH8S . ADD AK101X (ON/OFF CAB CONTROL) IF NEEDED,Bezares,4100XEN241RK,cross,bezares-official,https://bezares.com/en-us/bezares-chelsea-muncie-pto-correspondence-codes-cross-reference/,0.99
Muncie,SH8BM6509A1IX,ORDER with M2 stud kit( THIS IS METRIC TRANSMISSION AND REQUIRES M2 STUD KIT). Bezares 4100 has higher torque and HP than SH8S . ADD AK101X (ON/OFF CAB CONTROL) IF NEEDED,Bezares,4100XEN241DA,cross,bezares-official,https://bezares.com/en-us/bezares-chelsea-muncie-pto-correspondence-codes-cross-reference/,0.99
Muncie,SH8BM6509A1KX,ORDER with M2 stud kit( THIS IS METRIC TRANSMISSION AND REQUIRES M2 STUD KIT). Bezares 4100 has higher torque and HP than SH8S . ADD AK101X (ON/OFF CAB CONTROL) IF NEEDED,Bezares,4100XEN241RA,cross,bezares-official,https://bezares.com/en-us/bezares-chelsea-muncie-pto-correspondence-codes-cross-reference/,0.99
Muncie,SH8BM6509A1PX,ORDER with M2 stud kit( THIS IS METRIC TRANSMISSION AND REQUIRES M2 STUD KIT). Bezares 4100 has higher torque and HP than SH8S . ADD AK101X (ON/OFF CAB CONTROL) IF NEEDED,Bezares,4100XEN241RB,cross,bezares-official,https://bezares.com/en-us/bezares-chelsea-muncie-pto-correspondence-codes-cross-reference/,0.99
Muncie,SH8BM6509A1SX,ORDER with M2 stud kit( THIS IS METRIC TRANSMISSION AND REQUIRES M2 STUD KIT). Bezares 4100 has higher torque and HP than SH8S available with 2/4 Bolt B only the competitors is a 2 Bolt B . ADD AK101X (ON/OFF CAB CONTROL) IF NEEDED,Bezares,4100XEN241RA,cross,bezares-official,https://bezares.com/en-us/bezares-chelsea-muncie-pto-correspondence-codes-cross-reference/,0.99
Muncie,SH8BM6509A32X,ORDER with M2 stud kit( THIS IS METRIC TRANSMISSION AND REQUIRES M2 STUD KIT). Bezares 4100 has higher torque and HP than SH8S . ADD AK101X (ON/OFF CAB CONTROL) IF NEEDED,Bezares,4100XEN243ID,cross,bezares-official,https://bezares.com/en-us/bezares-chelsea-muncie-pto-correspondence-codes-cross-reference/,0.99
Muncie,SH8BM6509A3BX,ORDER with M2 stud kit( THIS IS METRIC TRANSMISSION AND REQUIRES M2 STUD KIT). Bezares 4100 has higher torque and HP than SH8S . ADD AK101X (ON/OFF CAB CONTROL) IF NEEDED,Bezares,4100XEN243SE,cross,bezares-official,https://bezares.com/en-us/bezares-chelsea-muncie-pto-correspondence-codes-cross-reference/,0.99
Muncie,SH8BM6509A3CX,ORDER with M2 stud kit( THIS IS METRIC TRANSMISSION AND REQUIRES M2 STUD KIT). Bezares 4100 has higher torque and HP than SH8S . ADD AK101X (ON/OFF CAB CONTROL) IF NEEDED,Bezares,4100XEN243IC,cross,bezares-official,https://bezares.com/en-us/bezares-chelsea-muncie-pto-correspondence-codes-cross-reference/,0.99
Muncie,SH8BM6509A3EX,ORDER with M2 stud kit( THIS IS METRIC TRANSMISSION AND REQUIRES M2 STUD KIT). Bezares 4100 has higher torque and HP than SH8S . ADD AK101X (ON/OFF CAB CONTROL) IF NEEDED,Bezares,4100XEN243RK,cross,bezares-official,https://bezares.com/en-us/bezares-chelsea-muncie-pto-correspondence-codes-cross-reference/,0.99
Muncie,SH8BM6509A3IX,ORDER with M2 stud kit( THIS IS METRIC TRANSMISSION AND REQUIRES M2 STUD KIT). Bezares 4100 has higher torque and HP than SH8S . ADD AK101X (ON/OFF CAB CONTROL) IF NEEDED,Bezares,4100XEN243DA,cross,bezares-official,https://bezares.com/en-us/bezares-chelsea-muncie-pto-correspondence-codes-cross-reference/,0.99
Muncie,SH8BM6509A3KX,ORDER with M2 stud kit( THIS IS METRIC TRANSMISSION AND REQUIRES M2 STUD KIT). Bezares 4100 has higher torque and HP than SH8S . ADD AK101X (ON/OFF CAB CONTROL) IF NEEDED,Bezares,4100XEN243RA,cross,bezares-official,https://bezares.com/en-us/bezares-chelsea-muncie-pto-correspondence-codes-cross-reference/,0.99
Muncie,SH8BM6509A3PX,ORDER with M2 stud kit( THIS IS METRIC TRANSMISSION AND REQUIRES M2 STUD KIT). Bezares 4100 has higher torque and HP than SH8S . ADD AK101X (ON/OFF CAB CONTROL) IF NEEDED,Bezares,4100XEN243RB,cross,bezares-official,https://bezares.com/en-us/bezares-chelsea-muncie-pto-correspondence-codes-cross-reference/,0.99
Muncie,SH8BM6509A3SX,ORDER with M2 stud kit( THIS IS METRIC TRANSMISSION AND REQUIRES M2 STUD KIT). Bezares 4100 has higher torque and HP than SH8S available with 2/4 Bolt B only the competitors is a 2 Bolt B . ADD AK101X (ON/OFF CAB CONTROL) IF NEEDED,Bezares,4100XEN243RA,cross,bezares-official,https://bezares.com/en-us/bezares-chelsea-muncie-pto-correspondence-codes-cross-reference/,0.99
Muncie,SH8BM6509P12X,ORDER with M2 stud kit( THIS IS METRIC TRANSMISSION AND REQUIRES M2 STUD KIT). Bezares 4100 has higher torque and HP than SH8S,Bezares,4100XEN241ID,cross,bezares-official,https://bezares.com/en-us/bezares-chelsea-muncie-pto-correspondence-codes-cross-reference/,0.99
Muncie,SH8BM6509P1BX,ORDER with M2 stud kit( THIS IS METRIC TRANSMISSION AND REQUIRES M2 STUD KIT). Bezares 4100 has higher torque and HP than SH8S,Bezares,4100XEN241SE,cross,bezares-official,https://bezares.com/en-us/bezares-chelsea-muncie-pto-correspondence-codes-cross-reference/,0.99
Muncie,SH8BM6509P1CX,ORDER with M2 stud kit( THIS IS METRIC TRANSMISSION AND REQUIRES M2 STUD KIT). Bezares 4100 has higher torque and HP than SH8S,Bezares,4100XEN241IC,cross,bezares-official,https://bezares.com/en-us/bezares-chelsea-muncie-pto-correspondence-codes-cross-reference/,0.99
Muncie,SH8BM6509P1EX,ORDER with M2 stud kit( THIS IS METRIC TRANSMISSION AND REQUIRES M2 STUD KIT). Bezares 4100 has higher torque and HP than SH8S,Bezares,4100XEN241RK,cross,bezares-official,https://bezares.com/en-us/bezares-chelsea-muncie-pto-correspondence-codes-cross-reference/,0.99
Muncie,SH8BM6509P1IX,ORDER with M2 stud kit( THIS IS METRIC TRANSMISSION AND REQUIRES M2 STUD KIT). Bezares 4100 has higher torque and HP than SH8S,Bezares,4100XEN241DA,cross,bezares-official,https://bezares.com/en-us/bezares-chelsea-muncie-pto-correspondence-codes-cross-reference/,0.99
Muncie,SH8BM6509P1KX,ORDER with M2 stud kit( THIS IS METRIC TRANSMISSION AND REQUIRES M2 STUD KIT). Bezares 4100 has higher torque and HP than SH8S,Bezares,4100XEN241RA,cross,bezares-official,https://bezares.com/en-us/bezares-chelsea-muncie-pto-correspondence-codes-cross-reference/,0.99
Muncie,SH8BM6509P1PX,ORDER with M2 stud kit( THIS IS METRIC TRANSMISSION AND REQUIRES M2 STUD KIT). Bezares 4100 has higher torque and HP than SH8S,Bezares,4100XEN241RB,cross,bezares-official,https://bezares.com/en-us/bezares-chelsea-muncie-pto-correspondence-codes-cross-reference/,0.99
Muncie,SH8BM6509P1SX,ORDER with M2 stud kit( THIS IS METRIC TRANSMISSION AND REQUIRES M2 STUD KIT). Bezares 4100 has higher torque and HP than SH8S available with 2/4 Bolt B only the competitors is a 2 Bolt B,Bezares,4100XEN241RA,cross,bezares-official,https://bezares.com/en-us/bezares-chelsea-muncie-pto-correspondence-codes-cross-reference/,0.99
Muncie,SH8BM6509P32X,ORDER with M2 stud kit( THIS IS METRIC TRANSMISSION AND REQUIRES M2 STUD KIT). Bezares 4100 has higher torque and HP than SH8S,Bezares,4100XEN243ID,cross,bezares-official,https://bezares.com/en-us/bezares-chelsea-muncie-pto-correspondence-codes-cross-reference/,0.99
Muncie,SH8BM6509P3BX,ORDER with M2 stud kit( THIS IS METRIC TRANSMISSION AND REQUIRES M2 STUD KIT). Bezares 4100 has higher torque and HP than SH8S,Bezares,4100XEN243SE,cross,bezares-official,https://bezares.com/en-us/bezares-chelsea-muncie-pto-correspondence-codes-cross-reference/,0.99
Muncie,SH8BM6509P3CX,ORDER with M2 stud kit( THIS IS METRIC TRANSMISSION AND REQUIRES M2 STUD KIT). Bezares 4100 has higher torque and HP than SH8S,Bezares,4100XEN243IC,cross,bezares-official,https://bezares.com/en-us/bezares-chelsea-muncie-pto-correspondence-codes-cross-reference/,0.99
Muncie,SH8BM6509P3EX,ORDER with M2 stud kit( THIS IS METRIC TRANSMISSION AND REQUIRES M2 STUD KIT). Bezares 4100 has higher torque and HP than SH8S,Bezares,4100XEN243RK,cross,bezares-official,https://bezares.com/en-us/bezares-chelsea-muncie-pto-correspondence-codes-cross-reference/,0.99
Muncie,SH8BM6509P3IX,ORDER with M2 stud kit( THIS IS METRIC TRANSMISSION AND REQUIRES M2 STUD KIT). Bezares 4100 has higher torque and HP than SH8S,Bezares,4100XEN243DA,cross,bezares-official,https://bezares.com/en-us/bezares-chelsea-muncie-pto-correspondence-codes-cross-reference/,0.99
Muncie,SH8BM6509P3KX,ORDER with M2 stud kit( THIS IS METRIC TRANSMISSION AND REQUIRES M2 STUD KIT). Bezares 4100 has higher torque and HP than SH8S,Bezares,4100XEN243RA,cross,bezares-official,https://bezares.com/en-us/bezares-chelsea-muncie-pto-correspondence-codes-cross-reference/,0.99
Muncie,SH8BM6509P3PX,ORDER with M2 stud kit( THIS IS METRIC TRANSMISSION AND REQUIRES M2 STUD KIT). Bezares 4100 has higher torque and HP than SH8S,Bezares,4100XEN243RB,cross,bezares-official,https://bezares.com/en-us/bezares-chelsea-muncie-pto-correspondence-codes-cross-reference/,0.99
Muncie,SH8BM6509P3SX,ORDER with M2 stud kit( THIS IS METRIC TRANSMISSION AND REQUIRES M2 STUD KIT). Bezares 4100 has higher torque and HP than SH8S available with 2/4 Bolt B only the competitors is a 2 Bolt B,Bezares,4100XEN243RA,cross,bezares-official,https://bezares.com/en-us/bezares-chelsea-muncie-pto-correspondence-codes-cross-reference/,0.99
Muncie,SH8BM6512A12X,ORDER with M2 stud kit( THIS IS METRIC TRANSMISSION AND REQUIRES M2 STUD KIT). Bezares 4100 has higher torque and HP than SH8S . ADD AK101X (ON/OFF CAB CONTROL) IF NEEDED,Bezares,4100XJN241ID,cross,bezares-official,https://bezares.com/en-us/bezares-chelsea-muncie-pto-correspondence-codes-cross-reference/,0.99
Muncie,SH8BM6512A1BX,ORDER with M2 stud kit( THIS IS METRIC TRANSMISSION AND REQUIRES M2 STUD KIT). Bezares 4100 has higher torque and HP than SH8S . ADD AK101X (ON/OFF CAB CONTROL) IF NEEDED,Bezares,4100XJN241SE,cross,bezares-official,https://bezares.com/en-us/bezares-chelsea-muncie-pto-correspondence-codes-cross-reference/,0.99
Muncie,SH8BM6512A1CX,ORDER with M2 stud kit( THIS IS METRIC TRANSMISSION AND REQUIRES M2 STUD KIT). Bezares 4100 has higher torque and HP than SH8S . ADD AK101X (ON/OFF CAB CONTROL) IF NEEDED,Bezares,4100XJN241IC,cross,bezares-official,https://bezares.com/en-us/bezares-chelsea-muncie-pto-correspondence-codes-cross-reference/,0.99
Muncie,SH8BM6512A1EX,ORDER with M2 stud kit( THIS IS METRIC TRANSMISSION AND REQUIRES M2 STUD KIT). Bezares 4100 has higher torque and HP than SH8S . ADD AK101X (ON/OFF CAB CONTROL) IF NEEDED,Bezares,4100XJN241RK,cross,bezares-official,https://bezares.com/en-us/bezares-chelsea-muncie-pto-correspondence-codes-cross-reference/,0.99
Muncie,SH8BM6512A1IX,ORDER with M2 stud kit( THIS IS METRIC TRANSMISSION AND REQUIRES M2 STUD KIT). Bezares 4100 has higher torque and HP than SH8S . ADD AK101X (ON/OFF CAB CONTROL) IF NEEDED,Bezares,4100XJN241DA,cross,bezares-official,https://bezares.com/en-us/bezares-chelsea-muncie-pto-correspondence-codes-cross-reference/,0.99
Muncie,SH8BM6512A1KX,ORDER with M2 stud kit( THIS IS METRIC TRANSMISSION AND REQUIRES M2 STUD KIT). Bezares 4100 has higher torque and HP than SH8S . ADD AK101X (ON/OFF CAB CONTROL) IF NEEDED,Bezares,4100XJN241RA,cross,bezares-official,https://bezares.com/en-us/bezares-chelsea-muncie-pto-correspondence-codes-cross-reference/,0.99
Muncie,SH8BM6512A1PX,ORDER with M2 stud kit( THIS IS METRIC TRANSMISSION AND REQUIRES M2 STUD KIT). Bezares 4100 has higher torque and HP than SH8S . ADD AK101X (ON/OFF CAB CONTROL) IF NEEDED,Bezares,4100XJN241RB,cross,bezares-official,https://bezares.com/en-us/bezares-chelsea-muncie-pto-correspondence-codes-cross-reference/,0.99
Muncie,SH8BM6512A1SX,ORDER with M2 stud kit( THIS IS METRIC TRANSMISSION AND REQUIRES M2 STUD KIT). Bezares 4100 has higher torque and HP than SH8S available with 2/4 Bolt B only the competitors is a 2 Bolt B . ADD AK101X (ON/OFF CAB CONTROL) IF NEEDED,Bezares,4100XJN241RA,cross,bezares-official,https://bezares.com/en-us/bezares-chelsea-muncie-pto-correspondence-codes-cross-reference/,0.99
Muncie,SH8BM6512A32X,ORDER with M2 stud kit( THIS IS METRIC TRANSMISSION AND REQUIRES M2 STUD KIT). Bezares 4100 has higher torque and HP than SH8S . ADD AK101X (ON/OFF CAB CONTROL) IF NEEDED,Bezares,4100XJN243ID,cross,bezares-official,https://bezares.com/en-us/bezares-chelsea-muncie-pto-correspondence-codes-cross-reference/,0.99
Muncie,SH8BM6512A3BX,ORDER with M2 stud kit( THIS IS METRIC TRANSMISSION AND REQUIRES M2 STUD KIT). Bezares 4100 has higher torque and HP than SH8S . ADD AK101X (ON/OFF CAB CONTROL) IF NEEDED,Bezares,4100XJN243SE,cross,bezares-official,https://bezares.com/en-us/bezares-chelsea-muncie-pto-correspondence-codes-cross-reference/,0.99
Muncie,SH8BM6512A3CX,ORDER with M2 stud kit( THIS IS METRIC TRANSMISSION AND REQUIRES M2 STUD KIT). Bezares 4100 has higher torque and HP than SH8S . ADD AK101X (ON/OFF CAB CONTROL) IF NEEDED,Bezares,4100XJN243IC,cross,bezares-official,https://bezares.com/en-us/bezares-chelsea-muncie-pto-correspondence-codes-cross-reference/,0.99
Muncie,SH8BM6512A3EX,ORDER with M2 stud kit( THIS IS METRIC TRANSMISSION AND REQUIRES M2 STUD KIT). Bezares 4100 has higher torque and HP than SH8S . ADD AK101X (ON/OFF CAB CONTROL) IF NEEDED,Bezares,4100XJN243RK,cross,bezares-official,https://bezares.com/en-us/bezares-chelsea-muncie-pto-correspondence-codes-cross-reference/,0.99
Muncie,SH8BM6512A3IX,ORDER with M2 stud kit( THIS IS METRIC TRANSMISSION AND REQUIRES M2 STUD KIT). Bezares 4100 has higher torque and HP than SH8S . ADD AK101X (ON/OFF CAB CONTROL) IF NEEDED,Bezares,4100XJN243DA,cross,bezares-official,https://bezares.com/en-us/bezares-chelsea-muncie-pto-correspondence-codes-cross-reference/,0.99
Muncie,SH8BM6512A3KX,ORDER with M2 stud kit( THIS IS METRIC TRANSMISSION AND REQUIRES M2 STUD KIT). Bezares 4100 has higher torque and HP than SH8S . ADD AK101X (ON/OFF CAB CONTROL) IF NEEDED,Bezares,4100XJN243RA,cross,bezares-official,https://bezares.com/en-us/bezares-chelsea-muncie-pto-correspondence-codes-cross-reference/,0.99
